{
	"sheets.listSheets": {
		"method": "GET",
		"uri": "/feeds/spreadsheets/private/full",
		"headers": {
			"Authorization": "Bearer {{auth.credentials.access_token}}",
			"GData-Version": "3.0",
			"Content-type": "application/atom+xml"
		}
	},
	"sheets.listWorksheets": {
		"method": "GET",
		"uri": "/feeds/worksheets/{{properties.sheetId}}/private/full",
		"headers": {
			"Authorization": "Bearer {{auth.credentials.access_token}}",
			"GData-Version": "3.0",
			"Content-type": "application/atom+xml"
		}
	},
	"sheets.listWorksheet": {
		"method": "GET",
		"uri": "/feeds/list/{{properties.sheetId}}/{{properties.worksheetId}}/private/full",
		"headers": {
			"Authorization": "Bearer {{auth.credentials.access_token}}",
			"GData-Version": "3.0",
			"Content-type": "application/atom+xml"
		}
	},
	"sheets.createRow": {
		"method": "POST",
		"uri": "/feeds/list/{{properties.sheetId}}/{{properties.worksheetId}}/private/full",
		"headers": {
			"Authorization": "Bearer {{auth.credentials.access_token}}",
			"GData-Version": "3.0",
			"Content-type": "application/atom+xml"
		}
	}
}