{
    "name": "appmixer.pipedrive",
    "version": "1.2.0",
    "changelog": {
        "1.0.0": [
            "Initial version"
        ],
        "1.1.0": [
            "Add listPersonFields private component",
            "Add customFields to updatePerson"
        ],
        "1.2.0": [
            "CreateActivity: no longer throws error when 'Done' field is set to 'Not'.",
            "CreatePerson, CreateOrganization: changed 'Add time' label to 'Creation date' for better clarity.",
            "FindPerson, FindDeal, FindProduct: no longer throws API error and are updated to follow our Search component standards.",
            "FindUser: out interface updated.",
            "FindProduct: validation error for 'Term to search for' updated to match the tooltip."
        ]
    }
}
