{
    "name": "appmixer.google.spreadsheets",
    "version": "3.1.0",
    "changelog": {
        "1.0.0": [
            "Initial version"
        ],
        "1.0.2": [
            "CreateRow - package.json removed."
        ],
        "1.0.3": [
            "ListSheets supports paging."
        ],
        "1.0.4": [
            "Add column indexes to ListColumns to correct ordering when rendering inspector."
        ],
        "1.1.0": [
            "Add Google branded sign-in button."
        ],
        "1.2.0": [
            "CreateRows connector added."
        ],
        "1.2.1": [
            "CreateRows connector fixed."
        ],
        "1.2.2": [
            "CreateRows remove cells from error message."
        ],
        "1.2.3": [
            "CreateRows File ID tooltip changed."
        ],
        "1.2.4": [
            "Added missing dependency getAuthLibraryOAuth2Client."
        ],
        "1.2.5": [
            "CreateRows when a 'New column' is already in the Spreadsheet, it won't be created again."
        ],
        "1.2.6": [
            "Fixed the issue of column mismatch in CreateRow."
        ],
        "1.2.7": [
            "Updated the `ListColumns` to fetch only first row."
        ],
        "1.2.8": [
            "Added quotas for all components."
        ],
        "2.0.1": [
            "Replace the legacy scope of v3, https://spreadsheets.google.com/feeds, with the updated scope `auth/spreadsheets`. For read-only operations, is the `auth/spreadsheets.readonly` used as an alternative.",
            "Migration steps: re-authenticate all Google spreadsheets components in your flows."
        ],
        "2.0.2": [
            "Updated the CreateRow action to append new row at the end of the spreadsheet, removing the need to fetch all range of rows."
        ],
        "3.0.0": [
            "(Breaking Change): The `drive.metadata.readonly` scope has been added wherever it was previously missing. Affected components: CountRows, CreateRow, DeleteRow, FindRow, GetRows, NewRow, UpdatedRow. \nMigration: you need to re-authenticate affected components mentioned above."
        ],
        "3.1.0": [
            "Breaking Change: Updated the NewRow trigger to include a required input field, Index Column, used to monitor a specific column for detecting new rows in the spreadsheet."
        ]
    }
}
