{
    "name": "appmixer.openai",
    "version": "1.2.2",
    "changelog": {
        "1.1.0": [
            "OpenAI API"
        ],
        "1.2.1": [
            "Fixed validation error in the `createChatCompletion` component for the `max_tokens` parameter."
        ],
        "1.2.2": [
            "CreateCompletion: fixed 'invalid obj param' error that sometimes occured + added dynamic list for models.",
            "RetrieveModel: added dynamic list for models."
        ]
    }
}
