{
    "name": "appmixer.azuredocumentintelligence",
    "version": "2.0.0",
    "changelog": {
        "1.0.2": [
            "Initial version."
        ],
        "2.0.0": [
            "(breaking change) ClassifyDocument split into ClassifyDocument and ClassifyDocumentFromStream. ClassifyDocumentFromStream is using only the File ID parameter, ClassifyDocument is using either File URL or Base64Source.",
            "ClassifyDocument and ClassifyDocumentFromStream: added supported file extensions to the tooltip of either File ID or File URL."
        ]
    }
}
