{
    "name": "appmixer.google.gmail",
    "version": "2.0.0",
    "changelog": {
        "1.0.0": [
            "Initial version"
        ],
        "1.1.0": [
            "Add Google branded sign-in button."
        ],
        "1.1.1": [
            "NewEmail component does not need https://mail.google.com/ scope"
        ],
        "1.1.2": [
            "Scope for all components reviewed and minimized."
        ],
        "1.1.3": [
            "Added new components."
        ],
        "1.1.4": [
            "Fixed quota issues."
        ],
        "1.1.5": [
            "GetEmail: update tooltip."
        ],
        "1.2.0": [
            "Added attachments in outPorts of GetEmail and NewEmail.",
            "Added 'GetAttachment' component."
        ],
        "2.0.0": [
            "NewEmail Trigger - Added support for input of labels",
            "NewAttachment Trigger - Added support for labels input, filter Emails based on selected filters and fetch their attachments",
            "AddLabelsToEmail Action - Input of list of first 20 emails added",
            "DeleteEmail Action - Input of list of first 20 emails added",
            "DeleteLabel Action - Input of list of user defined labels added",
            "ListSignatures Action - List default signature from Gmail",
            "SendEmail Action - Added input support for CC, BCC, Labels, Signature",
            "CreateDraft Action - Added input support for CC, BCC, Labels, Attachments, Signature",
            "RemoveLabelFromEmail - new action",
            "GetAttachment - Added support for inputting email ID and then selecting which attachment to download from that email",
            "ReplyEmail - new action",
            "ListAttachments - new action",
            "FindEmail - new action",
            "Breaking change - removal of account from `connected accounts` and re-authentication of Gmail account will be required",
            "DeleteEmail - Breaking Change: Ultimate Scope of mail.google.com added. Will require removal of account from `connected accounts` and re-authentication of Gmail account",
            "CreateDraft - Breaking Change: New Scope of email.modify added. Will require removal of account from `connected accounts` and re-authentication of Gmail account"
        ]
        
        
    }
}
