{
    "name": "appmixer.utils.ftp",
    "version": "1.3.2",
    "changelog": {
        "1.1.0": [
            "Added SFTP support."
        ],
        "1.1.1": [
            "UploadFile tooltip enhanced, 553 error enhanced."
        ],
        "1.1.2": [
            "GetFileInfo fixed."
        ],
        "1.1.3": [
            "New file fixed.",
            "Port parameter fixed."
        ],
        "1.1.4": [
            "Get file info fixed."
        ],
        "1.2.0": [
            "Add handling of errors with status 550.",
            "The 'notFound' port added to some components."
        ],
        "1.2.1": [
            "Fix DownloadFile component."
        ],
        "1.3.0": [
            "Add option to authenticate with a private key when using SFTP."
        ],
        "1.3.1": [
            "Fix FTP authentication."
        ],
        "1.3.2": [
            "GetFileInfo now returns data for SFTP. Updated output properties to reflect either FTP or SFTP."
        ]
    }
}
